Mut	Domain	Type	Count total	Count last month	impact	papers								
N501Y	RBM	mAb class1, mAb class3, mAb COVA1-12, mAb COVA1-18, mAb COVA2-15, mAb COVA2-17, mAb S309, Plasma, Vaccine sera	199353	52994	high	Rees-Spear et al. (2021)	Shen et al. (2021)	Wang et al. (2021)						
L18F	NTD	mAb S2L28	52061	1478	lower	McCallum et al. (2021)								
N439K	RBM	mAb H00S022, mAb several, Plasma	4308	15	high	Li et al. (2020)	Thomson et al. (2020)							
S477N	RBM	mAb SARS2-07, mAb SARS2-16, mAb SARS2-19, mAb SARS2-34, mAb SARS2-58	3422	22	lower	Liu et al. (2020)								
E484K	RBM	mAb 1B07, mAb 2B04, mAb C121, mAb C144, mAb class2/3, mAb COV-2050, mAb COV2-2050, mAb COV2-2072, mAb COV2-2196, mAb COV2-2381, mAb COV2-3025, mAb COVOX-384, mAb COVOX-40, mAb LY-CoV555, mAb REGN10933, mAb REGN10934, mAb S2E12, mAb SARS2-02, mAb SARS2-32, mAb SARS2-55, Plasma, Vaccine sera	1213	411	high	Andreano et al. (2020)	Baum et al. (2020)	Chen et al.(2021)	Dong et al. (2021)	Greaney et al. (2021)	Liu et al. (2020)	Rappazzo et al. (2021)	Wang et al. (2021)	Weisblum et al. (2020)
S494P	RBM	mAb LY-CoV555, mAb SARS2-01	895	46	medium	Liu et al. (2020)	Rappazzo et al. (2021)							
S255F	NTD	mAb S2L28	792	51	lower	McCallum et al. (2021)								
H146Y	NTD	mAb 4A8, mAb S2M28, mAb S2X28	615	14	lower	McCallum et al. (2021)								
K417N	RBD	mAb CB6, mAb class1, mAb COVOX-40, Vaccine sera	536	190	high	Chen et al.(2021)	Starr et al. (2020)	Wang et al. (2021)						
L452R	RBM	mAb class2, mAb class2/3, mAb COV2-2096, mAb P2B-2F6, mAb SARS2-01, mAb SARS2-32, mAb X593, Plasma	444	232	high	Greaney et al. (2020)	Li et al. (2020)	Liu et al. (2020)	Wang et al. (2021)					
A831V	FP	mAb B38, Plasma	427	36	lower	Li et al. (2020)								
F490S	RBM	mAb class2/3, mAb LY-CoV555, mAb REGN10934, mAb REGN10989, mAb SARS2-32, Plasma	296	131	high	Baum et al. (2020)	Liu et al. (2020)	Rappazzo et al. (2021)	Wang et al. (2021)					
S477I	RBM	mAb SARS2-58	164	3	lower	Liu et al. (2020)								
P251L	NTD	mAb S2M28	162	77	lower	McCallum et al. (2021)								
D253G	NTD	mAb S2L28	151	23	lower	McCallum et al. (2021)								
S477R	RBM	mAb SARS2-07, mAb SARS2-16, mAb SARS2-23, mAb SARS2-34	149	56	lower	Liu et al. (2020)								
P9S	SP	mAb S2L28, mAb S2M28, mAb S2X28	134	24	lower	McCallum et al. (2021)								
P479S	RBM	mAb SARS2-21	129	2	lower	Liu et al. (2020)								
T478I	RBM	mAb SARS2-19, mAb SARS2-21, mAb SARS2-71, Plasma	128	6	high	Li et al. (2020)	Liu et al. (2020)							
E484Q	RBM	Plasma	126	63	lower	Greaney et al. (2021)								
P9L	SP	mAb S2X333	125	60	lower	McCallum et al. (2021)								
L455F	RBM	mAb REGN10933	111	43	medium	Baum et al. (2020)	Starr et al. (2020)							
G446V	RBM	mAb REGN10987, mAb SARS2-02, Plasma	102	8	high	Greaney et al. (2021)	Li et al. (2020)	Liu et al. (2020)	Rappazzo et al. (2021)	Starr et al. (2020)				
G142D	NTD	mAb 2489, mAb S2M28, mAb S2X28, mAb S2X333	97	68	medium	McCallum et al. (2021)	Suryadevara et al. (2021)							
A475V	RBM	mAb 157, mAb 247, mAb B38, mAb CA1, mAb CB6, mAb P2C-1F11, Plasma	92	8	high	Li et al. (2020)	Starr et al. (2020)							
V483F	RBM	mAb SARS2-23	86	18	lower	Liu et al. (2020)								
N440K	RBM	mAb ADG-1, mAb C135, mAb class3, mAb REGN10987	78	22	medium	Rappazzo et al. (2021)	Starr et al. (2020)	Wang et al. (2021)	Weisblum et al. (2020)					
K458N	RBM	Plasma	55	51	lower	Li et al. (2020)								
G476S	RBM	mAb SARS2-21	51	18	lower	Liu et al. (2020)								
C15F	NTD	mAb S2M28	50	10	lower	McCallum et al. (2021)								
K150R	NTD	Plasma	39	24	lower	Weisblum et al. (2020)								
S12P	SP	mAb 4A8, mAb S2L28, mAb S2M28, mAb S2X28, mAb S2X333	36	19	lower	McCallum et al. (2021)								
K417T	RBD	mAb CB6, mAb class1	35	20	medium	Starr et al. (2020)	Wang et al. (2021)							
K444R	RBM	mAb COV2-2130, mAb SARS2-22, Plasma	34	1	high	Dong et al. (2021)	Liu et al. (2020)	Weisblum et al. (2020)						
W258R	NTD	mAb S2L28	31	5	lower	McCallum et al. (2021)								
G252D	NTD	mAb S2L28	29	5	lower	McCallum et al. (2021)								
Q493K	RBM	mAb C121, mAb C144, mAb CB6, mAb REGN10933, mAb REGN10989, Plasma	27	11	high	Baum et al. (2020)	Greaney et al. (2021)	Starr et al. (2020)	Weisblum et al. (2020)					
Q493R	RBM	mAb C144, mAb CB6, mAb CB6/LY-CoV16, mAb class2, mAb LY-CoV555	27	8	medium	Rappazzo et al. (2021)	Starr et al. (2020)	Wang et al. (2021)	Weisblum et al. (2020)					
G257S	NTD	mAb S2L28	26	8	lower	McCallum et al. (2021)								
Y449D	RBM	Plasma	25	19	lower	Greaney et al. (2021)								
N148S	NTD	Plasma	25	15	lower	Weisblum et al. (2020)								
R346S	RBD	mAb C135, mAb COV2-2130	25	11	medium	Dong et al. (2021)	Weisblum et al. (2020)							
R346K	RBD	mAb C135	25	1	lower	Weisblum et al. (2020)								
Y508H	RBM	mAb class3, mAb H014	25	0	medium	Li et al. (2020)	Wang et al. (2021)							
N450K	RBM	mAb SARS2-32	24	1	lower	Liu et al. (2020)								
K444N	RBM	mAb COV2-2130, mAb REGN10987, mAb SARS2-21, mAb SARS2-22, Plasma	23	5	high	Dong et al. (2021)	Liu et al. (2020)	Rappazzo et al. (2021)	Starr et al. (2020)	Weisblum et al. (2020)				
F490L	RBM	mAb 261-262, mAb C121, mAb H4, mAb P2B-2F6, mAb REGN10934, mAb REGN10989, mAb SARS2-66, mAb X593, Plasma	22	10	high	Baum et al. (2020)	Li et al. (2020)	Liu et al. (2020)	Weisblum et al. (2020)					
G142A	NTD	mAb 2489	22	1	lower	Suryadevara et al. (2021)								
K147E	NTD	mAb S2X28, mAb S2X333	20	12	lower	McCallum et al. (2021)								
P479L	RBM	mAb SARS2-34, mAb SARS2-71	20	6	lower	Liu et al. (2020)								
G446S	RBM	mAb REGN10987	20	2	lower	Starr et al. (2020)								
N440T	RBM	mAb REGN10987	18	6	lower	Starr et al. (2020)								
N501T	RBM	mAb class3	18	3	lower	Wang et al. (2021)								
D253Y	NTD	mAb S2L28	16	4	lower	McCallum et al. (2021)								
V483A	RBM	mAb P2B-2F6, mAb X593	16	0	lower	Li et al. (2020)								
G504S	RBM	mAb ADG-2	14	4	lower	Rappazzo et al. (2021)								
R408K	RBD	mAb SARS2-31	14	1	lower	Liu et al. (2020)								
L244S	NTD	mAb S2X28	12	3	lower	McCallum et al. (2021)								
D80N	NTD	mAb S2L28	12	2	lower	McCallum et al. (2021)								
K378N	RBD	mAb COV2-2082, mAb COV2-2094	11	3	lower	Greaney et al. (2020)								
P499S	RBM	mAb REGN10987	11	2	lower	Starr et al. (2020)								
N440Y	RBM	mAb REGN10987	11	0	lower	Starr et al. (2020)								
E484G	RBM	mAb 1B07, mAb class2, Plasma	10	2	high	Greaney et al. (2021)	Liu et al. (2020)	Wang et al. (2021)						
T19A	NTD	mAb 4A8, mAb S2L28, mAb S2M28, mAb S2X28	9	6	lower	McCallum et al. (2021)								
I472V	RBM	Plasma	9	0	lower	Li et al. (2020)								
G447V	RBM	mAb REGN10987	8	1	lower	Starr et al. (2020)								
K444M	RBM	mAb COV2-2130, mAb REGN10987	7	0	medium	Dong et al. (2021)	Starr et al. (2020)							
G447S	RBM	mAb REGN10987, Plasma	7	0	high	Greaney et al. (2021)	Starr et al. (2020)							
R158G	NTD	mAb S2X28	6	0	lower	McCallum et al. (2021)								
P499H	RBM	mAb REGN10987	6	0	lower	Starr et al. (2020)								
L455S	RBM	mAb REGN10933	5	3	lower	Starr et al. (2020)								
A352D	RBD	mAb SARS2-01	5	1	lower	Liu et al. (2020)								
G142C	NTD	mAb S2X28	5	0	lower	McCallum et al. (2021)								
K150E	NTD	Plasma	5	0	lower	Weisblum et al. (2020)								
R346I	RBD	mAb COV2-2130	5	0	lower	Dong et al. (2021)								
V483I	RBM	Plasma	5	0	lower	Li et al. (2020)								
E484A	RBM	mAb 1B07, mAb 2B04, Plasma	5	0	high	Greaney et al. (2021)	Liu et al. (2020)							
G504D	RBM	mAb ADG-2, mAb class3, mAb SARS2-31	5	0	medium	Liu et al. (2020)	Rappazzo et al. (2021)	Wang et al. (2021)						
R158S	NTD	mAb 2489	4	0	lower	Suryadevara et al. (2021)								
R246G	NTD	mAb S2M28, mAb S2X28	4	0	lower	McCallum et al. (2021)								
S247R	NTD	mAb S2L28	4	0	lower	McCallum et al. (2021)								
N450D	RBM	mAb REGN10934, mAb REGN10987, mAb SARS2-07, Plasma	4	0	high	Baum et al. (2020)	Liu et al. (2020)							
S477G	RBM	mAb SARS2-07, mAb SARS2-16, mAb SARS2-19, mAb SARS2-34, mAb SARS2-58, mAb SARS2-71, Plasma	4	0	lower	Liu et al. (2020)								
Y489H	RBM	mAb CB6, mAb REGN10933	4	0	lower	Starr et al. (2020)								
P139S	NTD	mAb S2L28	3	1	lower	McCallum et al. (2021)								
F140S	NTD	mAb 2767, mAb S2L28, mAb S2Xl28	3	1	medium	McCallum et al. (2021)	Suryadevara et al. (2021)							
V445A	RBM	mAb REGN10987	3	1	medium	Baum et al. (2020)	Starr et al. (2020)							
P499R	RBM	mAb REGN10987	3	1	lower	Starr et al. (2020)								
P9Q	SP	mAb S2M28	3	0	lower	McCallum et al. (2021)								
C15S	NTD	mAb S2X333	3	0	lower	McCallum et al. (2021)								
A123T	NTD	mAb S2M28	3	0	lower	McCallum et al. (2021)								
D420A	RBD	mAb CB6	3	0	lower	Starr et al. (2020)								
N440D	RBM	mAb REGN10987	3	0	lower	Starr et al. (2020)								
N440I	RBM	mAb REGN10987	3	0	lower	Starr et al. (2020)								
G447D	RBM	mAb REGN10987, Plasma	3	0	high	Greaney et al. (2021)	Starr et al. (2020)							
E484D	RBM	mAb 1B07, mAb class2, mAb LY-CoV555, mAb SARS2-23, mAb SARS2-66, Plasma	3	0	high	Greaney et al. (2021)	Liu et al. (2020)	Rappazzo et al. (2021)	Wang et al. (2021)					
F486L	RBM	mAb SARS2-21	3	0	lower	Liu et al. (2020)								
C15Y	NTD	mAb S2X333	2	2	lower	McCallum et al. (2021)								
K150T	NTD	Plasma	2	0	lower	Weisblum et al. (2020)								
V445F	RBM	mAb REGN10987	2	0	lower	Starr et al. (2020)								
G446A	RBM	mAb REGN10987, Plasma	2	0	high	Greaney et al. (2021)								
K458Q	RBM	mAb SARS2-66	2	0	lower	Liu et al. (2020)								
N460I	RBM	mAb CB6	2	0	lower	Starr et al. (2020)								
N460S	RBM	mAb CB6	2	0	lower	Starr et al. (2020)								
F486S	RBM	mAb 2B04, mAb COV2-2196, mAb REGN10933, mAb SARS2-21, Plasma	2	0	high	Dong et al. (2021)	Greaney et al. (2021)	Liu et al. (2020)	Starr et al. (2020)					
N487T	RBM	mAb CB6, mAb COV2-2196, mAb REGN10933	2	0	medium	Dong et al. (2021)	Starr et al. (2020)							
H519P	RBD	Plasma	2	0	lower	Li et al. (2020)								
Y453F	RBM	mAb REGN10933	1	1	medium	Baum et al. (2020)	Rappazzo et al. (2021)	Starr et al. (2020)						
Q493E	RBM	mAb REGN10933	1	1	lower	Starr et al. (2020)								
G504V	RBM	mAb ADG-2, mAb CB6	1	1	medium	Rappazzo et al. (2021)	Starr et al. (2020)							
C15R	NTD	mAb S2M28	1	0	lower	McCallum et al. (2021)								
T22P	NTD	mAb S2L28	1	0	lower	McCallum et al. (2021)								
Y28C	NTD	mAb S2M28	1	0	lower	McCallum et al. (2021)								
N74K	NTD	mAb COV2-2130	1	0	lower	Dong et al. (2021)								
A123S	NTD	mAb 2489	1	0	lower	Suryadevara et al. (2021)								
C136Y	NTD	mAb 4A8, mAb S2L28, mAb S2M28, mAb S2X28, mAb S2X333	1	0	lower	McCallum et al. (2021)								
K147Q	NTD	mAb S2M28, mAb S2X28	1	0	lower	McCallum et al. (2021)								
K150Q	NTD	Plasma	1	0	lower	Weisblum et al. (2020)								
T345S	RBD	mAb 2H04, Plasma	1	0	lower	Liu et al. (2020)								
R346G	RBD	mAb 2H04, mAb COV2-2130, mAb SARS2-01	1	0	medium	Dong et al. (2021)	Liu et al. (2020)							
K417E	RBD	mAb CB6, mAb class1, mAb COV2-2082, mAb REGN10933	1	0	medium	Baum et al. (2020)	Greaney et al. (2020)	Starr et al. (2020)						
G446D	RBM	mAb REGN10987, mAb SARS2-02, mAb SARS2-22, mAb SARS2-32, Plasma	1	0	high	Liu et al. (2020)	Starr et al. (2020)							
N460K	RBM	mAb CB6	1	0	lower	Starr et al. (2020)								
N460T	RBM	mAb CB6	1	0	lower	Starr et al. (2020)								
G476D	RBM	mAb REGN10933, mAb SARS2-21, mAb SARS2-34, mAb SARS2-71	1	0	medium	Liu et al. (2020)	Starr et al. (2020)							
N487K	RBM	mAb CB6, mAb COV2-2196, mAb REGN10933	1	0	medium	Dong et al. (2021)	Starr et al. (2020)							
N501H	RBM	mAb class1	1	0	lower	Wang et al. (2021)								
C15W	NTD	mAb S2X28	0	0	lower	McCallum et al. (2021)								
K77E	NTD	mAb S2L28	0	0	lower	McCallum et al. (2021)								
C136G	NTD	mAb S2X28	0	0	lower	McCallum et al. (2021)								
C136S	NTD	mAb S2X333	0	0	lower	McCallum et al. (2021)								
P139Q	NTD	mAb S2X28	0	0	lower	McCallum et al. (2021)								
F140C	NTD	mAb S2X333	0	0	lower	McCallum et al. (2021)								
F140X	NTD	Plasma	0	0	lower	Andreano et al. (2020)								
L141S	NTD	mAb S2X28	0	0	lower	McCallum et al. (2021)								
Y144A	NTD	mAb 2489, mAb 2676	0	0	lower	Suryadevara et al. (2021)								
Y144C	NTD	mAb S2X28	0	0	lower	McCallum et al. (2021)								
Y144N	NTD	mAb S2X28	0	0	lower	McCallum et al. (2021)								
Y144X	NTD	mAb 4A8, mAb S2M28, mAb S2X28, mAb S2X333, Plasma	0	0	high	Li et al. (2020)	McCallum et al. (2021)	McCarthy et al. (2020)						
Y145X	NTD	mAb 4A8, Plasma	0	0	high	Li et al. (2020)	McCarthy et al. (2020)							
H146X	NTD	mAb 4A8	0	0	lower	McCarthy et al. (2020)								
K147T	NTD	mAb 4A8, mAb S2M28, mAb S2X28, mAb S2X333	0	0	lower	McCallum et al. (2021)								
N149Q	NTD	mAb S2X28	0	0	lower	McCallum et al. (2021)								
S151P	NTD	Plasma	0	0	lower	Weisblum et al. (2020)								
F157A	NTD	mAb 2489	0	0	lower	Suryadevara et al. (2021)								
N164A	NTD	mAb 2489	0	0	lower	Suryadevara et al. (2021)								
R246A	NTD	mAb 4A8, mAb S2L28, mAb S2M28, mAb S2X28, mAb S2X333	0	0	lower	McCallum et al. (2021)								
G252C	NTD	mAb S2M28	0	0	lower	McCallum et al. (2021)								
D253E	NTD	mAb S2L28	0	0	lower	McCallum et al. (2021)								
T345A	RBD	mAb 2H04	0	0	lower	Liu et al. (2020)								
T345N	RBD	mAb 2H04	0	0	lower	Liu et al. (2020)								
R346A	RBD	mAb COV2-2130	0	0	lower	Dong et al. (2021)								
R346C	RBD	mAb COV2-2130	0	0	lower	Dong et al. (2021)								
R346D	RBD	mAb COV2-2130	0	0	lower	Dong et al. (2021)								
R346E	RBD	mAb COV2-2130	0	0	lower	Dong et al. (2021)								
R346F	RBD	mAb COV2-2130	0	0	lower	Dong et al. (2021)								
R346L	RBD	mAb COV2-2130	0	0	lower	Dong et al. (2021)								
R346M	RBD	mAb C135, mAb COV2-2130	0	0	medium	Dong et al. (2021)	Weisblum et al. (2020)							
R346N	RBD	mAb COV2-2130	0	0	lower	Dong et al. (2021)								
R346Q	RBD	mAb COV2-2130	0	0	lower	Dong et al. (2021)								
R346T	RBD	mAb COV2-2130	0	0	lower	Dong et al. (2021)								
R346V	RBD	mAb COV2-2130	0	0	lower	Dong et al. (2021)								
R346W	RBD	mAb COV2-2130	0	0	lower	Dong et al. (2021)								
R346Y	RBD	mAb COV2-2130	0	0	lower	Dong et al. (2021)								
Y369N	RBD	mAb COV2-2677	0	0	lower	Greaney et al. (2020)								
Y369P	RBD	mAb COV2-2677	0	0	lower	Greaney et al. (2020)								
F374D	RBD	mAb COV2-2677	0	0	lower	Greaney et al. (2020)								
F374N	RBD	mAb COV2-2677	0	0	lower	Greaney et al. (2020)								
T376D	RBD	mAb COV2-2082	0	0	lower	Greaney et al. (2020)								
T376F	RBD	mAb COV2-2082	0	0	lower	Greaney et al. (2020)								
K378A	RBD	mAb COV2-2677	0	0	lower	Greaney et al. (2020)								
K378D	RBD	mAb COV2-2094, mAb COV2-2677	0	0	lower	Greaney et al. (2020)								
K378E	RBD	mAb SARS2-31	0	0	lower	Liu et al. (2020)								
K378L	RBD	mAb COV2-2082	0	0	lower	Greaney et al. (2020)								
K378Q	RBD	mAb SARS2-31	0	0	lower	Liu et al. (2020)								
K378S	RBD	mAb COV2-2677	0	0	lower	Greaney et al. (2020)								
K378T	RBD	mAb COV2-2082, mAb COV2-2677	0	0	lower	Greaney et al. (2020)								
K378Y	RBD	mAb COV2-2082	0	0	lower	Greaney et al. (2020)								
P384A	RBD	mAb COVA1-16	0	0	lower	Rees-Spear et al. (2021)								
P384D	RBD	mAb COV2-2677	0	0	lower	Greaney et al. (2020)								
P384G	RBD	mAb COV2-2677	0	0	lower	Greaney et al. (2020)								
P384K	RBD	mAb COV2-2677	0	0	lower	Greaney et al. (2020)								
P384Y	RBD	mAb COV2-2677	0	0	lower	Greaney et al. (2020)								
D405K	RBD	mAb CB6	0	0	lower	Starr et al. (2020)								
D405R	RBD	mAb CB6	0	0	lower	Starr et al. (2020)								
E406W	RBD	mAb REGN10933+REGN10987, Plasma	0	0	high	Greaney et al. (2021)	Starr et al. (2020)							
R408D	RBD	mAb COV2-2082	0	0	lower	Greaney et al. (2020)								
Q414E	RBD	Plasma	0	0	lower	Li et al. (2020)								
T415G	RBD	mAb CB6	0	0	lower	Starr et al. (2020)								
K417A	RBD	mAb CB6	0	0	lower	Starr et al. (2020)								
K417C	RBD	mAb CB6	0	0	lower	Starr et al. (2020)								
K417D	RBD	mAb CB6, mAb COV2-2082, mAb REGN10933	0	0	medium	Greaney et al. (2020)	Starr et al. (2020)							
K417F	RBD	mAb CB6, mAb COV2-2082, mAb REGN10933	0	0	medium	Greaney et al. (2020)	Starr et al. (2020)							
K417G	RBD	mAb CB6, mAb COV2-2082	0	0	medium	Greaney et al. (2020)	Starr et al. (2020)							
K417H	RBD	mAb CB6, mAb REGN10933	0	0	lower	Starr et al. (2020)								
K417I	RBD	mAb CB6	0	0	lower	Starr et al. (2020)								
K417L	RBD	mAb CB6	0	0	lower	Starr et al. (2020)								
K417M	RBD	mAb CB6	0	0	lower	Starr et al. (2020)								
K417P	RBD	mAb CB6	0	0	lower	Starr et al. (2020)								
K417Q	RBD	mAb CB6	0	0	lower	Starr et al. (2020)								
K417S	RBD	mAb CB6	0	0	lower	Starr et al. (2020)								
K417V	RBD	mAb CB6, mAb COVA2-02, mAb COVA2-07, mAb several, Plasma	0	0	high	Rees-Spear et al. (2021)	Starr et al. (2020)	Thomson et al. (2020)						
K417W	RBD	mAb CB6, mAb REGN10933	0	0	lower	Starr et al. (2020)								
K417Y	RBD	mAb CB6, mAb REGN10933	0	0	lower	Starr et al. (2020)								
D420E	RBD	mAb CB6	0	0	lower	Starr et al. (2020)								
D420K	RBD	mAb CB6	0	0	lower	Starr et al. (2020)								
D420M	RBD	mAb CB6	0	0	lower	Starr et al. (2020)								
D420N	RBD	mAb CB6	0	0	lower	Starr et al. (2020)								
D420Q	RBD	mAb CB6	0	0	lower	Starr et al. (2020)								
D420R	RBD	mAb CB6	0	0	lower	Starr et al. (2020)								
D420S	RBD	mAb CB6	0	0	lower	Starr et al. (2020)								
Y421L	RBD	mAb CB6	0	0	lower	Starr et al. (2020)								
Y421W	RBD	mAb CB6	0	0	lower	Starr et al. (2020)								
N432Q	RBD	mAb 157, mAb 247, mAb B38, mAb CA1, mAb CB6, mAb P2C-1F11	0	0	lower	Li et al. (2020)								
A435W	RBD	mAb COV2-2094	0	0	lower	Greaney et al. (2020)								
N439S	RBM	mAb REGN10987	0	0	lower	Starr et al. (2020)								
N439T	RBM	mAb REGN10987	0	0	lower	Starr et al. (2020)								
N439Y	RBM	mAb REGN10987	0	0	lower	Starr et al. (2020)								
N440E	RBM	mAb REGN10987	0	0	lower	Starr et al. (2020)								
N440F	RBM	mAb REGN10987	0	0	lower	Starr et al. (2020)								
N440H	RBM	mAb class1, mAb class1/2	0	0	lower	Wang et al. (2021)								
N440L	RBM	mAb REGN10987	0	0	lower	Starr et al. (2020)								
N440M	RBM	mAb REGN10987	0	0	lower	Starr et al. (2020)								
N440V	RBM	mAb REGN10987	0	0	lower	Starr et al. (2020)								
L441R	RBM	mAb 2H04, Plasma	0	0	lower	Liu et al. (2020)								
S443N	RBM	mAb REGN10987	0	0	lower	Starr et al. (2020)								
S443Q	RBM	mAb REGN10987	0	0	lower	Starr et al. (2020)								
S443Y	RBM	mAb REGN10987, Plasma	0	0	high	Greaney et al. (2021)	Starr et al. (2020)							
K444A	RBM	mAb COV2-2130, mAb REGN10987	0	0	medium	Dong et al. (2021)	Starr et al. (2020)	Zost et al. (2020)						
K444C	RBM	mAb COV2-2130, mAb REGN10987	0	0	medium	Dong et al. (2021)	Starr et al. (2020)							
K444D	RBM	mAb COV2-2130, mAb REGN10987	0	0	medium	Dong et al. (2021)	Starr et al. (2020)							
K444E	RBM	mAb 2H04, mAb COV2-2130, mAb REGN10987, mAb SARS2-21, mAb SARS2-22, Plasma	0	0	high	Dong et al. (2021)	Liu et al. (2020)	Starr et al. (2020)						
K444F	RBM	mAb COV2-2130, mAb REGN10987	0	0	medium	Dong et al. (2021)	Starr et al. (2020)							
K444G	RBM	mAb COV2-2130, mAb REGN10987, Plasma	0	0	high	Dong et al. (2021)	Greaney et al. (2021)	Starr et al. (2020)						
K444H	RBM	mAb COV2-2130, mAb REGN10987	0	0	medium	Dong et al. (2021)	Starr et al. (2020)							
K444I	RBM	mAb COV2-2130, mAb REGN10987	0	0	medium	Dong et al. (2021)	Starr et al. (2020)							
K444L	RBM	mAb COV2-2130, mAb REGN10987	0	0	medium	Dong et al. (2021)	Starr et al. (2020)							
K444P	RBM	mAb COV2-2130, mAb REGN10987, Plasma	0	0	high	Dong et al. (2021)	Greaney et al. (2021)	Starr et al. (2020)						
K444Q	RBM	mAb COV2-2130, mAb REGN10934, mAb REGN10987, Plasma	0	0	high	Baum et al. (2020)	Dong et al. (2021)	Starr et al. (2020)	Weisblum et al. (2020)					
K444S	RBM	mAb COV2-2130, mAb REGN10987	0	0	medium	Dong et al. (2021)	Starr et al. (2020)							
K444T	RBM	mAb COV2-2130, mAb REGN10987	0	0	medium	Dong et al. (2021)	Starr et al. (2020)							
K444V	RBM	mAb COV2-2130, mAb REGN10987	0	0	medium	Dong et al. (2021)	Starr et al. (2020)							
K444W	RBM	mAb COV2-2130, mAb REGN10987	0	0	medium	Dong et al. (2021)	Starr et al. (2020)							
K444Y	RBM	mAb COV2-2130, mAb REGN10987	0	0	medium	Dong et al. (2021)	Starr et al. (2020)							
V445C	RBM	mAb REGN10987	0	0	lower	Starr et al. (2020)								
V445D	RBM	mAb REGN10987	0	0	lower	Starr et al. (2020)								
V445E	RBM	mAb REGN10987, Plasma	0	0	high	Starr et al. (2020)	Weisblum et al. (2020)							
V445G	RBM	mAb REGN10987, mAb SARS2-22, Plasma	0	0	high	Greaney et al. (2021)	Liu et al. (2020)	Starr et al. (2020)						
V445H	RBM	mAb REGN10987	0	0	lower	Starr et al. (2020)								
V445K	RBM	mAb REGN10987	0	0	lower	Starr et al. (2020)								
V445L	RBM	mAb REGN10987	0	0	lower	Starr et al. (2020)								
V445M	RBM	mAb REGN10987	0	0	lower	Starr et al. (2020)								
V445N	RBM	mAb REGN10987	0	0	lower	Starr et al. (2020)								
V445P	RBM	mAb REGN10987	0	0	lower	Starr et al. (2020)								
V445Q	RBM	mAb REGN10987	0	0	lower	Starr et al. (2020)								
V445R	RBM	mAb REGN10987	0	0	lower	Starr et al. (2020)								
V445S	RBM	mAb REGN10987	0	0	lower	Starr et al. (2020)								
V445T	RBM	mAb REGN10987	0	0	lower	Starr et al. (2020)								
V445W	RBM	mAb REGN10987	0	0	lower	Starr et al. (2020)								
V445Y	RBM	mAb REGN10987	0	0	lower	Starr et al. (2020)								
G446C	RBM	mAb REGN10987	0	0	lower	Starr et al. (2020)								
G446E	RBM	mAb REGN10987	0	0	lower	Starr et al. (2020)								
G446F	RBM	mAb REGN10987	0	0	lower	Starr et al. (2020)								
G446H	RBM	mAb REGN10987	0	0	lower	Starr et al. (2020)								
G446I	RBM	mAb REGN10987, Plasma	0	0	high	Greaney et al. (2021)	Starr et al. (2020)							
G446K	RBM	mAb REGN10987	0	0	lower	Starr et al. (2020)								
G446L	RBM	mAb REGN10987	0	0	lower	Starr et al. (2020)								
G446M	RBM	mAb REGN10987	0	0	lower	Starr et al. (2020)								
G446P	RBM	mAb REGN10987	0	0	lower	Starr et al. (2020)								
G446Q	RBM	mAb REGN10987	0	0	lower	Starr et al. (2020)								
G446R	RBM	mAb REGN10987, Plasma	0	0	high	Greaney et al. (2021)	Starr et al. (2020)							
G446T	RBM	mAb REGN10987, Plasma	0	0	high	Greaney et al. (2021)	Starr et al. (2020)							
G446W	RBM	mAb REGN10987	0	0	lower	Starr et al. (2020)								
G446Y	RBM	mAb REGN10987	0	0	lower	Starr et al. (2020)								
G447A	RBM	Plasma	0	0	lower	Greaney et al. (2021)								
G447C	RBM	mAb REGN10987	0	0	lower	Starr et al. (2020)								
G447E	RBM	mAb REGN10987, Plasma	0	0	high	Greaney et al. (2021)	Starr et al. (2020)							
G447F	RBM	mAb REGN10987, Plasma	0	0	high	Greaney et al. (2021)	Starr et al. (2020)							
G447H	RBM	mAb REGN10987	0	0	lower	Starr et al. (2020)								
G447I	RBM	mAb REGN10987	0	0	lower	Starr et al. (2020)								
G447K	RBM	Plasma	0	0	lower	Greaney et al. (2021)								
G447L	RBM	mAb REGN10987, Plasma	0	0	high	Greaney et al. (2021)	Starr et al. (2020)							
G447M	RBM	mAb REGN10987	0	0	lower	Starr et al. (2020)								
G447N	RBM	mAb REGN10987, Plasma	0	0	high	Greaney et al. (2021)	Starr et al. (2020)							
G447P	RBM	mAb REGN10987, Plasma	0	0	high	Greaney et al. (2021)	Starr et al. (2020)							
G447Q	RBM	mAb REGN10987, Plasma	0	0	high	Greaney et al. (2021)	Starr et al. (2020)							
G447R	RBM	mAb COV2-2130	0	0	lower	Zost et al. (2020)								
G447T	RBM	mAb REGN10987	0	0	lower	Starr et al. (2020)								
G447Y	RBM	mAb REGN10987	0	0	lower	Starr et al. (2020)								
N448C	RBM	mAb REGN10987	0	0	lower	Starr et al. (2020)								
N448D	RBM	mAb REGN10987	0	0	lower	Starr et al. (2020)								
N448E	RBM	mAb REGN10987	0	0	lower	Starr et al. (2020)								
N448G	RBM	mAb REGN10987	0	0	lower	Starr et al. (2020)								
N448H	RBM	mAb REGN10987	0	0	lower	Starr et al. (2020)								
N448K	RBM	mAb REGN10987	0	0	lower	Starr et al. (2020)								
N448P	RBM	mAb REGN10987, Plasma	0	0	high	Greaney et al. (2021)	Starr et al. (2020)							
N448Q	RBM	mAb REGN10987	0	0	lower	Starr et al. (2020)								
N448R	RBM	mAb REGN10987	0	0	lower	Starr et al. (2020)								
N448V	RBM	mAb REGN10987	0	0	lower	Starr et al. (2020)								
Y449E	RBM	Plasma	0	0	lower	Greaney et al. (2021)								
Y449K	RBM	Plasma	0	0	lower	Greaney et al. (2021)								
Y449P	RBM	Plasma	0	0	lower	Greaney et al. (2021)								
Y449R	RBM	Plasma	0	0	lower	Greaney et al. (2021)								
N450P	RBM	mAb REGN10987, Plasma	0	0	high	Greaney et al. (2021)	Starr et al. (2020)							
N450T	RBM	mAb REGN10987, Plasma	0	0	high	Greaney et al. (2021)	Starr et al. (2020)							
N450Y	RBM	mAb SARS2-32, Plasma	0	0	lower	Liu et al. (2020)								
L452K	RBM	mAb COVA2-29	0	0	lower	Rees-Spear et al. (2021)								
L452T	RBM	Plasma	0	0	lower	Greaney et al. (2021)								
L452W	RBM	mAb COV2-2096	0	0	lower	Greaney et al. (2020)								
L452Y	RBM	mAb COV2-2096	0	0	lower	Greaney et al. (2020)								
Y453A	RBM	mAb REGN10933	0	0	lower	Starr et al. (2020)								
Y453H	RBM	mAb REGN10933	0	0	lower	Starr et al. (2020)								
Y453K	RBM	mAb REGN10933	0	0	lower	Starr et al. (2020)								
Y453M	RBM	mAb REGN10933	0	0	lower	Starr et al. (2020)								
Y453R	RBM	mAb REGN10933	0	0	lower	Starr et al. (2020)								
Y453V	RBM	mAb REGN10933	0	0	lower	Starr et al. (2020)								
L455A	RBM	mAb REGN10933	0	0	lower	Starr et al. (2020)								
L455C	RBM	mAb REGN10933	0	0	lower	Starr et al. (2020)								
L455E	RBM	mAb CB6, mAb REGN10933	0	0	lower	Starr et al. (2020)								
L455G	RBM	mAb CB6, mAb REGN10933	0	0	lower	Starr et al. (2020)								
L455N	RBM	mAb CB6	0	0	lower	Starr et al. (2020)								
L455R	RBM	mAb CB6, mAb REGN10933, Plasma	0	0	high	Greaney et al. (2021)	Starr et al. (2020)							
L455W	RBM	mAb CB6, mAb REGN10933	0	0	lower	Starr et al. (2020)								
L455Y	RBM	mAb REGN10933	0	0	lower	Starr et al. (2020)								
F456A	RBM	mAb CB6, mAb REGN10933, Plasma	0	0	high	Greaney et al. (2021)	Starr et al. (2020)							
F456C	RBM	mAb CB6, Plasma	0	0	high	Greaney et al. (2021)	Starr et al. (2020)							
F456G	RBM	mAb CB6, mAb REGN10933, Plasma	0	0	high	Greaney et al. (2021)	Starr et al. (2020)							
F456H	RBM	mAb CB6	0	0	lower	Starr et al. (2020)								
F456I	RBM	Plasma	0	0	lower	Greaney et al. (2021)								
F456K	RBM	mAb CB6, mAb REGN10933, Plasma	0	0	high	Greaney et al. (2021)	Starr et al. (2020)							
F456Q	RBM	mAb CB6, Plasma	0	0	high	Greaney et al. (2021)	Starr et al. (2020)							
F456R	RBM	mAb CB6, Plasma	0	0	high	Greaney et al. (2021)	Starr et al. (2020)							
F456S	RBM	mAb class1	0	0	lower	Wang et al. (2021)								
F456T	RBM	mAb CB6, Plasma	0	0	high	Greaney et al. (2021)	Starr et al. (2020)							
F456V	RBM	mAb CB6, mAb class1, mAb unclass, Plasma	0	0	high	Greaney et al. (2021)	Starr et al. (2020)	Wang et al. (2021)						
N460A	RBM	mAb CB6	0	0	lower	Starr et al. (2020)								
N460C	RBM	mAb CB6	0	0	lower	Starr et al. (2020)								
N460E	RBM	mAb CB6	0	0	lower	Starr et al. (2020)								
N460F	RBM	mAb CB6	0	0	lower	Starr et al. (2020)								
N460H	RBM	mAb CB6, mAb class1	0	0	medium	Starr et al. (2020)	Wang et al. (2021)							
N460L	RBM	mAb CB6	0	0	lower	Starr et al. (2020)								
N460M	RBM	mAb CB6	0	0	lower	Starr et al. (2020)								
N460P	RBM	mAb CB6	0	0	lower	Starr et al. (2020)								
N460Q	RBM	mAb CB6	0	0	lower	Starr et al. (2020)								
N460R	RBM	mAb CB6	0	0	lower	Starr et al. (2020)								
N460V	RBM	mAb CB6	0	0	lower	Starr et al. (2020)								
N460Y	RBM	mAb CB6	0	0	lower	Starr et al. (2020)								
I472C	RBM	mAb CB6, Plasma	0	0	high	Greaney et al. (2021)	Starr et al. (2020)							
I472D	RBM	mAb CB6, Plasma	0	0	high	Greaney et al. (2021)	Starr et al. (2020)							
I472E	RBM	mAb CB6, Plasma	0	0	high	Greaney et al. (2021)	Starr et al. (2020)							
I472G	RBM	mAb CB6, Plasma	0	0	high	Greaney et al. (2021)	Starr et al. (2020)							
I472K	RBM	Plasma	0	0	lower	Greaney et al. (2021)								
I472N	RBM	Plasma	0	0	lower	Greaney et al. (2021)								
I472S	RBM	mAb CB6	0	0	lower	Starr et al. (2020)								
I472W	RBM	Plasma	0	0	lower	Greaney et al. (2021)								
Y473A	RBM	mAb CB6, Plasma	0	0	high	Greaney et al. (2021)	Starr et al. (2020)							
Y473C	RBM	mAb CB6	0	0	lower	Starr et al. (2020)								
Y473E	RBM	mAb CB6, Plasma	0	0	high	Greaney et al. (2021)	Starr et al. (2020)							
Y473I	RBM	mAb CB6, Plasma	0	0	high	Greaney et al. (2021)	Starr et al. (2020)							
Y473L	RBM	mAb CB6	0	0	lower	Starr et al. (2020)								
Y473M	RBM	mAb CB6	0	0	lower	Starr et al. (2020)								
Y473N	RBM	mAb CB6	0	0	lower	Starr et al. (2020)								
Y473Q	RBM	mAb CB6, Plasma	0	0	high	Greaney et al. (2021)	Starr et al. (2020)							
Y473S	RBM	mAb CB6	0	0	lower	Starr et al. (2020)								
Y473T	RBM	mAb CB6	0	0	lower	Starr et al. (2020)								
Y473V	RBM	mAb CB6, Plasma	0	0	high	Greaney et al. (2021)	Starr et al. (2020)							
Q474P	RBM	mAb SARS2-34	0	0	lower	Liu et al. (2020)								
A475D	RBM	mAb CB6	0	0	lower	Starr et al. (2020)								
A475E	RBM	mAb CB6	0	0	lower	Starr et al. (2020)								
A475F	RBM	mAb CB6	0	0	lower	Starr et al. (2020)								
A475I	RBM	mAb CB6	0	0	lower	Starr et al. (2020)								
A475K	RBM	mAb CB6, mAb REGN10933	0	0	lower	Starr et al. (2020)								
A475M	RBM	mAb CB6	0	0	lower	Starr et al. (2020)								
A475N	RBM	mAb CB6, mAb REGN10933	0	0	lower	Starr et al. (2020)								
A475Q	RBM	mAb CB6	0	0	lower	Starr et al. (2020)								
A475R	RBM	mAb CB6	0	0	lower	Starr et al. (2020)								
A475Y	RBM	mAb CB6	0	0	lower	Starr et al. (2020)								
G476E	RBM	mAb CB6, mAb REGN10933	0	0	lower	Starr et al. (2020)								
G476K	RBM	mAb CB6, mAb REGN10933	0	0	lower	Starr et al. (2020)								
G476R	RBM	mAb CB6, mAb REGN10933	0	0	lower	Starr et al. (2020)								
G476T	RBM	mAb CB6	0	0	lower	Starr et al. (2020)								
T478P	RBM	mAb SARS2-71	0	0	lower	Liu et al. (2020)								
V483G	RBM	mAb SARS2-23	0	0	lower	Liu et al. (2020)								
V483T	RBM	Plasma	0	0	lower	Greaney et al. (2021)								
E484C	RBM	Plasma	0	0	lower	Greaney et al. (2021)								
E484F	RBM	mAb REGN10933, Plasma	0	0	high	Greaney et al. (2021)	Starr et al. (2020)							
E484H	RBM	Plasma	0	0	lower	Greaney et al. (2021)								
E484I	RBM	mAb COV2-2050, mAb REGN10933, Plasma	0	0	high	Greaney et al. (2020)	Greaney et al. (2021)	Starr et al. (2020)						
E484L	RBM	mAb REGN10933, Plasma	0	0	high	Greaney et al. (2021)	Starr et al. (2020)							
E484M	RBM	Plasma	0	0	lower	Greaney et al. (2021)								
E484P	RBM	Plasma	0	0	lower	Greaney et al. (2021)								
E484S	RBM	Plasma	0	0	lower	Greaney et al. (2021)								
E484T	RBM	Plasma	0	0	lower	Greaney et al. (2021)								
E484V	RBM	mAb REGN10933, Plasma	0	0	high	Greaney et al. (2021)	Starr et al. (2020)							
E484W	RBM	Plasma	0	0	lower	Greaney et al. (2021)								
E484Y	RBM	Plasma	0	0	lower	Greaney et al. (2021)								
G485D	RBM	Plasma	0	0	lower	Greaney et al. (2021)								
G485E	RBM	Plasma	0	0	lower	Greaney et al. (2021)								
G485P	RBM	mAb CB6, mAb REGN10933, Plasma	0	0	high	Greaney et al. (2021)	Starr et al. (2020)							
F486A	RBM	mAb COV2-2196, mAb COV2-2832, mAb REGN10933, Plasma	0	0	high	Dong et al. (2021)	Greaney et al. (2020)	Greaney et al. (2021)	Starr et al. (2020)	Zost et al. (2020)				
F486C	RBM	mAb CB6, mAb COV2-2196, mAb REGN10933	0	0	medium	Dong et al. (2021)	Starr et al. (2020)							
F486D	RBM	mAb COV2-2832, mAb REGN10933, Plasma	0	0	high	Greaney et al. (2020)	Greaney et al. (2021)	Starr et al. (2020)						
F486E	RBM	mAb COV2-2196, mAb REGN10933, Plasma	0	0	high	Dong et al. (2021)	Greaney et al. (2021)	Starr et al. (2020)						
F486G	RBM	mAb CB6, mAb REGN10933, Plasma	0	0	high	Greaney et al. (2021)	Starr et al. (2020)							
F486H	RBM	mAb COV2-2196, mAb REGN10933	0	0	medium	Dong et al. (2021)	Starr et al. (2020)							
F486I	RBM	mAb REGN10933, Plasma	0	0	high	Greaney et al. (2021)	Starr et al. (2020)							
F486K	RBM	mAb CB6, mAb COV2-2196, mAb REGN10933, Plasma	0	0	high	Dong et al. (2021)	Greaney et al. (2021)	Starr et al. (2020)						
F486N	RBM	mAb COV2-2196, mAb REGN10933, Plasma	0	0	high	Dong et al. (2021)	Greaney et al. (2021)	Starr et al. (2020)						
F486P	RBM	mAb COV2-2196, mAb COV2-2832, mAb REGN10933	0	0	medium	Dong et al. (2021)	Greaney et al. (2020)	Starr et al. (2020)						
F486Q	RBM	mAb COV2-2196, mAb REGN10933, Plasma	0	0	high	Dong et al. (2021)	Greaney et al. (2021)	Starr et al. (2020)						
F486R	RBM	mAb CB6, mAb COV2-2196, mAb REGN10933	0	0	medium	Dong et al. (2021)	Starr et al. (2020)							
F486T	RBM	mAb COV2-2196, mAb REGN10933, Plasma	0	0	high	Dong et al. (2021)	Greaney et al. (2021)	Starr et al. (2020)						
F486V	RBM	mAb COV2-2196, mAb REGN10933, mAb SARS2-58, mAb SARS2-71, Plasma	0	0	high	Baum et al. (2020)	Dong et al. (2021)	Greaney et al. (2021)	Liu et al. (2020)	Starr et al. (2020)				
F486W	RBM	mAb COV2-2196	0	0	lower	Dong et al. (2021)								
F486Y	RBM	mAb 1B07	0	0	lower	Liu et al. (2020)								
N487A	RBM	mAb CB6, mAb COV2-2165, mAb COV2-2196	0	0	medium	Dong et al. (2021)	Starr et al. (2020)	Zost et al. (2020)						
N487D	RBM	mAb CB6, mAb COV2-2196, mAb REGN10933	0	0	medium	Dong et al. (2021)	Starr et al. (2020)							
N487E	RBM	mAb CB6, mAb COV2-2196, mAb REGN10933	0	0	medium	Dong et al. (2021)	Starr et al. (2020)							
N487F	RBM	mAb CB6, mAb COV2-2196, mAb REGN10933	0	0	medium	Dong et al. (2021)	Starr et al. (2020)							
N487G	RBM	mAb CB6	0	0	lower	Starr et al. (2020)								
N487H	RBM	mAb CB6, mAb COV2-2196	0	0	medium	Dong et al. (2021)	Starr et al. (2020)							
N487L	RBM	mAb CB6, mAb COV2-2196, mAb REGN10933	0	0	medium	Dong et al. (2021)	Starr et al. (2020)							
N487M	RBM	mAb COV2-2196, mAb REGN10933	0	0	medium	Dong et al. (2021)	Starr et al. (2020)							
N487Q	RBM	mAb CB6, mAb COV2-2196	0	0	medium	Dong et al. (2021)	Starr et al. (2020)							
N487R	RBM	mAb CB6, mAb COV2-2196, mAb REGN10933	0	0	medium	Dong et al. (2021)	Starr et al. (2020)							
N487S	RBM	mAb CB6	0	0	lower	Starr et al. (2020)								
N487Y	RBM	mAb COV2-2196	0	0	lower	Dong et al. (2021)								
Y489I	RBM	mAb CB6, mAb REGN10933	0	0	lower	Starr et al. (2020)								
Y489L	RBM	mAb CB6, mAb REGN10933	0	0	lower	Starr et al. (2020)								
Y489M	RBM	mAb CB6, mAb REGN10933	0	0	lower	Starr et al. (2020)								
Y489Q	RBM	mAb CB6, mAb REGN10933, Plasma	0	0	high	Greaney et al. (2021)	Starr et al. (2020)							
Y489V	RBM	mAb CB6, mAb REGN10933	0	0	lower	Starr et al. (2020)								
Y489W	RBM	mAb CB6, mAb REGN10933	0	0	lower	Starr et al. (2020)								
F490A	RBM	mAb COV2-2096, Plasma	0	0	high	Greaney et al. (2020)	Greaney et al. (2021)							
F490C	RBM	mAb COV2-2096	0	0	lower	Greaney et al. (2020)								
F490D	RBM	Plasma	0	0	lower	Greaney et al. (2021)								
F490E	RBM	mAb COV2-2096, Plasma	0	0	high	Greaney et al. (2020)	Greaney et al. (2021)							
F490G	RBM	Plasma	0	0	lower	Greaney et al. (2021)								
F490K	RBM	Plasma	0	0	lower	Greaney et al. (2021)								
F490N	RBM	Plasma	0	0	lower	Greaney et al. (2021)								
F490P	RBM	mAb COV2-2096, Plasma	0	0	high	Greaney et al. (2020)	Greaney et al. (2021)							
F490R	RBM	Plasma	0	0	lower	Greaney et al. (2021)								
Q493D	RBM	mAb REGN10933	0	0	lower	Starr et al. (2020)								
Q493F	RBM	mAb REGN10933	0	0	lower	Starr et al. (2020)								
Q493W	RBM	mAb REGN10933	0	0	lower	Starr et al. (2020)								
Q493Y	RBM	mAb REGN10933	0	0	lower	Starr et al. (2020)								
S494D	RBM	mAb COVA1-12, mAb COVA2-29	0	0	lower	Rees-Spear et al. (2021)								
S494R	RBM	mAb COV2-2096, Plasma	0	0	high	Greaney et al. (2020)	Greaney et al. (2021)							
G496K	RBM	Plasma	0	0	lower	Greaney et al. (2021)								
P499C	RBM	mAb REGN10987, Plasma	0	0	high	Greaney et al. (2021)	Starr et al. (2020)							
P499D	RBM	mAb REGN10987, Plasma	0	0	high	Greaney et al. (2021)	Starr et al. (2020)							
P499E	RBM	mAb REGN10987, Plasma	0	0	high	Greaney et al. (2021)	Starr et al. (2020)							
P499G	RBM	mAb REGN10987	0	0	lower	Starr et al. (2020)								
P499L	RBM	mAb SARS2-07	0	0	lower	Liu et al. (2020)								
P499N	RBM	mAb REGN10987	0	0	lower	Starr et al. (2020)								
P499Q	RBM	mAb REGN10987	0	0	lower	Starr et al. (2020)								
P499T	RBM	mAb REGN10987	0	0	lower	Starr et al. (2020)								
P499Y	RBM	mAb REGN10987	0	0	lower	Starr et al. (2020)								
N501R	RBM	mAb CB6	0	0	lower	Starr et al. (2020)								
G502E	RBM	mAb ADG-2	0	0	lower	Rappazzo et al. (2021)								
G502R	RBM	mAb ADG-2	0	0	lower	Rappazzo et al. (2021)								
G502V	RBM	mAb ADG-2	0	0	lower	Rappazzo et al. (2021)								
V503L	RBM	mAb class3	0	0	lower	Wang et al. (2021)								
V503T	RBM	Plasma	0	0	lower	Greaney et al. (2021)								
G504C	RBM	mAb CB6	0	0	lower	Starr et al. (2020)								
G504F	RBM	mAb CB6	0	0	lower	Starr et al. (2020)								
G504I	RBM	mAb CB6	0	0	lower	Starr et al. (2020)								
G504K	RBM	mAb CB6	0	0	lower	Starr et al. (2020)								
G504L	RBM	mAb CB6	0	0	lower	Starr et al. (2020)								
G504M	RBM	mAb CB6	0	0	lower	Starr et al. (2020)								
G504R	RBM	mAb ADG-2	0	0	lower	Rappazzo et al. (2021)								
Y505C	RBM	mAb ADG-2	0	0	lower	Rappazzo et al. (2021)								
Y505N	RBM	mAb ADG-2	0	0	lower	Rappazzo et al. (2021)								
Y505S	RBM	mAb ADG-2	0	0	lower	Rappazzo et al. (2021)
P681H	furin-cleavage	na	na	na	high	Rambaud et al (2020)
P681R	furin-cleavage	na	na	na	high	ECDC
A419G	RBD	mAb ADI-56443	0	0	lower	Haslwanter et al
C480R	RBM	mAb ADI-56443	0	0	lower	Haslwanter et al
C480S	RBM	mAb ADI-56443	0	0	lower	Haslwanter et al
C488S	RBM	mAb ADI-56443	0	0	lower	Haslwanter et al
C488Y	RBM	mAb ADI-56443	0	0	lower	Haslwanter et al
D467H	RBM	mAb ADI-56443	0	0	lower	Haslwanter et al
D796H	S2	Plasma	557	15	lower	Kemp et al. (2021)
F490I	RBM	mAb ADI-56443	3	1	lower	Haslwanter et al
L368S	RBD	mAb ADI-56443	0	0	lower	Haslwanter et al
N360I	RBD	mAb ADI-56443	0	0	lower	Haslwanter et al
P507R	RBM	mAb ADI-56443	0	0	lower	Haslwanter et al
R509M	RBD	mAb ADI-56443	0	0	lower	Haslwanter et al
S13I	SP	mAb 4A8, mAb S2L26, mAb S2L28, mAb S2L50, mAb S2M28, mAb S2X107, mAb S2X124, mAb S2X158, mAb S2X28, mAb S2X333	158	9	lower	McCallum et al. (2021)
S494F	RBM	mAb ADI-56443	0	0	lower	Haslwanter et al
V433A	RBD	mAb ADI-56443	0	0	lower	Haslwanter et al
W152C	NTD	mAb 4A8, mAb S2L26, mAb S2L50, mAb S2X107, mAb S2X124, mAb S2X158, mAb S2X333	26	1	medium	McCallum et al. (2021)
W152R	NTD	mAb ADI-56473	486	17	lower	Haslwanter et al
Y145D	NTD	mAb ADI-56473	39	29	lower	Haslwanter et al
Y351C	RBD	mAb ADI-56443	0	0	lower	Haslwanter et al
Y351H	RBD	mAb ADI-56443	5	1	lower	Haslwanter et al
Y351N	RBD	mAb ADI-56443	0	0	lower	Haslwanter et al
Y449C	RBM	mAb ADI-56443	0	0	lower	Haslwanter et al	
